BOOK_ID,Senti_S1,Senti_S2,Senti_S3,Senti_E1,Senti_E2,Senti_E3,S_count,Avg_S_len,Flesch,W_count,Noun_Cnt
pg105,119.79323057894487,103.53145943562609,108.38551174394549,124.49085240156667,111.50463218814282,110.01666666666668,3647,22.9514669591445,60.38,83704,277
pg108,111.05723129916679,106.1583694083694,100.41073709177158,97.6006844236011,106.3563921063921,111.80735511258769,7806,14.443889315910837,76.35,112749,782
